ticker,net_income,equity,ebit,capital_employed,revenue,revenue_3y_ago,profit_3y_ago,total_debt,interest_expense,cfo,capex,total_assets,roe,roce,net_margin,operating_margin,revenue_cagr,profit_cagr,debt_to_equity,interest_coverage,ocf_ratio,fcf,fcf_margin,asset_turnover,final_score,score_debt_to_equity
RELIANCE,696480000000.0,8432000000000.0,1281380000000.0,14963840000000.0,9646930000000.0,6959630000000.0,607050000000.0,3695750000000.0,221210000000.0,1787030000000.0,1399670000000.0,19501210000000.0,0.0825996204933586,0.0856317629699328,0.0721970616558843,0.132827749346165,0.1149814923690808,0.04687475912111139,0.4383005218216318,5.792595271461507,2.5658023202389155,387360000000.0,0.0401537069305986,0.4946836632188464,2.1904761904761907,2.1904761904761907
TCS,485530000000.0,947560000000.0,661270000000.0,1066280000000.0,2553240000000.0,1917540000000.0,383270000000.0,93920000000.0,7960000000.0,489080000000.0,39370000000.0,1596290000000.0,0.5124002701675884,0.6201654349701767,0.1901623035828986,0.2589924958092462,0.1001428211494679,0.082024466052522,0.0991177339693528,83.07412060301507,1.0073115976355735,449710000000.0,0.176133070138334,1.599483803068365,3.2380952380952377,3.2380952380952377
HDFCBANK,673508300000.0,7676891400000.0,,15002997500000.0,2371508200000.0,1019413700000.0,386000400000.0,7326106100000.0,1823477000000.0,1195617400000.0,66397300000.0,48187671100000.0,0.0877319040881573,,0.2839999878558294,,0.3250269806448944,0.20388517319859578,0.9543063355044986,,1.77520811547534,1129220100000.0,0.4761611619137559,0.0492140032058947,1.1428571428571428,1.1428571428571428
INFY,3158000000.0,11205000000.0,4496000000.0,12407000000.0,19277000000.0,16311000000.0,2963000000.0,962000000.0,49000000.0,4351000000.0,263000000.0,17419000000.0,0.2818384649709951,0.3623760780204723,0.1638221714997146,0.2332313119261296,0.0572709184170099,0.0214728425629529,0.0858545292280232,91.75510204081633,1.3777707409753008,4088000000.0,0.2120661928723349,1.1066651357712842,3.333333333333334,3.333333333333334
ITC,347466300000.0,700300500000.0,269720000000.0,737565700000.0,746533200000.0,600813600000.0,152426600000.0,2848400000.0,450600000.0,176270400000.0,22787000000.0,880906800000.0,0.4961674309814144,0.3656894565460405,0.4654398491587514,0.3612967246466734,0.0750692927148013,0.31608511043335197,0.00406739678181,598.5796715490458,0.5073021469995795,153483400000.0,0.2055948750839212,0.8474599128988447,4.6190476190476195,4.6190476190476195
20MICRONS,623763000.0,4293638000.0,940218000.0,4952018000.0,9116589000.0,6114427000.0,345854000.0,1648262000.0,113241000.0,317862000.0,766800000.0,7145086000.0,0.1452761038541209,0.1898656264981266,0.0684206560150951,0.1031326519161936,0.1424193152594246,(0.21723828183511973+0j),0.3838847150132358,8.302805520968553,0.5095877761265096,-448938000.0,-0.0492440758270445,1.2759243205750077,2.3333333333333335,2.3333333333333335
21STCENMGM,123377000.0,510134000.0,195569000.0,512069000.0,163247000.0,99744000.0,146578000.0,,442000.0,51478000.0,,570650000.0,0.2418521408100616,0.3819192335407924,0.7557688655840537,1.1979944501277209,0.1784725638564201,(-0.05581925802362786+0j),,442.46380090497735,0.4172414631576387,,,0.2860720231315167,0.04761904761904745,0.04761904761904745
360ONE,10153000000.0,70647100000.0,22253000000.0,104385000000.0,26353100000.0,14946400000.0,5777400000.0,110255300000.0,8784800000.0,-24108700000.0,552400000.0,197687000000.0,0.1437143208992301,0.2131819705896441,0.3852677673594378,0.8444167858809779,0.2080874415970475,(0.20675928684243883+0j),1.5606486324279412,2.5331253984154447,-2.3745395449620803,-24661100000.0,-0.93579502980674,0.1333071977418849,0.6666666666666665,0.6666666666666665
3IINFOLTD,253500000.0,3068800000.0,184700000.0,3508400000.0,7257600000.0,6770100000.0,-574900000.0,635100000.0,68600000.0,282500000.0,21600000.0,5728200000.0,0.0826055787278415,0.0526450803785201,0.0349289021164021,0.0254491843033509,0.0234484712960969,(-0.6194323317279858+0.6591625371651465j),0.20695385818561,2.692419825072886,1.1143984220907297,260900000.0,0.0359485229276895,1.2669948674976432,3.0,3.0
3MINDIA,4760674000.0,18464969000.0,7842089000.0,19716359000.0,44428602000.0,33339389000.0,2719711000.0,995353000.0,108023000.0,3551044000.0,554202000.0,30145917000.0,0.2578219329802286,0.3977452936416911,0.1071533603510639,0.1765099203436561,0.1004449890136458,(0.20517069205092286+0j),0.0539049375062584,72.59647482480582,0.7459120284228662,2996842000.0,0.067452988955178,1.4737850568619293,3.5238095238095237,3.5238095238095237
3PLAND,20902000.0,1397045000.0,19258000.0,1533350000.0,36586000.0,17394000.0,11547000.0,,,11711000.0,,1534936000.0,0.0149615796198404,0.0125594287018619,0.5713114306018696,0.5263762094790357,0.2812635995534176,(0.21872641953333494+0j),,,0.5602813127930342,,,0.0238355214810259,0.04761904761904745,0.04761904761904745
5PAISA,682340000.0,6036420000.0,1094300000.0,6130600000.0,2291570000.0,2159730000.0,137360000.0,2174160000.0,182110000.0,979350000.0,80320000.0,16666280000.0,0.1130371975442398,0.1784980262943268,0.2977609237335102,0.4775328704774456,0.0199476673203198,(0.7062664431527712+0j),0.3601737453656306,6.009005546098512,1.4352815312014535,899030000.0,0.3923205487940582,0.1374973899394466,2.428571428571429,2.428571428571429
63MOONS,-331704000.0,34143357000.0,-546872000.0,34567865000.0,468204000.0,1597650000.0,-531734000.0,28480000.0,6688000.0,-1427828000.0,112723000.0,36785417000.0,-0.0097150376865403,-0.0158202422972896,-0.7084604146910322,-1.1680207772680284,-0.3357710114789227,(-0.1455524162850491+0j),0.0008341300476107,-81.76913875598086,4.304524515833394,-1540551000.0,-3.290341389650665,0.0127279785899939,4.761904761904762,4.761904761904762
A2ZINFRA,89731000.0,451660000.0,171251000.0,720086000.0,3362675000.0,3533250000.0,-1799100000.0,916225000.0,70842000.0,542143000.0,33343000.0,4984243000.0,0.1986693530531816,0.23782020480887,0.0266844104767781,0.0509270149508947,-0.0163585020774995,(-0.8159514476861139+0.318781443667149j),2.0285723774520656,2.4173654047034243,6.041869587990773,508800000.0,0.1513081103585687,0.6746611270758669,0.5238095238095236,0.5238095238095236
AAATECH,35103000.0,308251000.0,47007000.0,308251000.0,254555000.0,144016000.0,23384000.0,0.0,0.0,16553000.0,2589000.0,325543000.0,0.11387797606496,0.1524958556501033,0.1378994716269568,0.1846634322641472,0.2090853597226047,(0.14500788452667868+0j),0.0,,0.4715551377375153,13964000.0,0.0548565143092848,0.7819397130333012,4.833333333333333,4.833333333333333
AADHARHFC,9118300000.0,63722900000.0,23313400000.0,206359200000.0,28351700000.0,16118500000.0,4448500000.0,163218800000.0,11580800000.0,-30266500000.0,148000000.0,232239600000.0,0.1430929854102685,0.1129748516179555,0.3216138714786062,0.822292843109937,0.207122913505579,0.27028185319869547,2.561383741166833,2.0131079027355625,-3.3193139071976137,-30414500000.0,-1.0727575418757958,0.1220795247666634,0.3809523809523807,0.3809523809523807
AAKASH,18408290.0,603615230.0,45286880.0,630635561.0,981889390.0,768766480.0,61214600.0,237283160.0,19725230.0,82294550.0,90905150.0,964316280.0,0.0304967288515897,0.0718114911379061,0.0187478245385664,0.0461221808293498,0.0849824402378098,-0.3300339272124684,0.393103335050045,2.295886030226264,4.470515729597915,-8610600.0,-0.0087694195371639,1.0182233882850138,2.285714285714286,2.285714285714286
AAREYDRUGS,40239000.0,1384805000.0,99842000.0,1413859000.0,4722350000.0,4916097000.0,65548000.0,348560000.0,38823000.0,103004000.0,52044000.0,2905920000.0,0.0290575207339661,0.0706166597942227,0.0085209694325918,0.0211424396751617,-0.0133133712038844,-0.15011027626667095,0.251703308408043,2.571722947737166,2.559805164144238,50960000.0,0.0107912374135758,1.6250791487721616,2.7142857142857144,2.7142857142857144
AARON,82432000.0,430297000.0,130860000.0,631350000.0,778664000.0,377292000.0,37092000.0,318567000.0,12224000.0,86325000.0,79889000.0,828242000.0,0.1915700086219518,0.2072701354240912,0.1058633762444392,0.1680570823872684,0.2731830062377873,0.3049840250620275,0.7403421357806352,10.705170157068062,1.0472268051242235,6436000.0,0.0082654392652029,0.940140683520034,1.4285714285714284,1.4285714285714284
AARTECH,27642000.0,314556000.0,21568000.0,319872000.0,363522000.0,163364000.0,27975000.0,56375000.0,4219000.0,-15216000.0,4907000.0,428093000.0,0.0878762446114523,0.0674269707883153,0.0760394143958274,0.0593306594924103,0.3055438004565345,-0.0039836770276612254,0.1792208700517555,5.112111874851861,-0.5504666811373996,-20123000.0,-0.0553556593548671,0.8491659522580374,3.047619047619048,3.047619047619048
AARTIDRUGS,1681585000.0,13689985000.0,2476440000.0,17377114000.0,23689276000.0,24886458000.0,2050386000.0,6150707000.0,358726000.0,2445838000.0,1771614000.0,25746782000.0,0.122833224433774,0.1425115816124587,0.0709850735835067,0.1045384417826868,-0.0162994833705709,-0.06396001933202644,0.4492851526133885,6.903430473397523,1.4544837162557944,674224000.0,0.0284611484116272,0.9200868675549434,2.0476190476190474,2.0476190476190474
AARTIIND,3308700000.0,56051200000.0,5435300000.0,76471200000.0,71313200000.0,51911900000.0,11856700000.0,38477900000.0,2363000000.0,12419300000.0,13859700000.0,111135200000.0,0.0590299583238182,0.0710764313885489,0.0463967400144713,0.0762173061929628,0.1116489618286535,-0.346521675776872,0.6864777203699475,2.300169276343631,3.753528576177955,-1440400000.0,-0.0201982241716821,0.6416796838445425,1.666666666666667,1.666666666666667
AARTIPHARM,2724048000.0,19899064000.0,3875859000.0,22493556000.0,20860021000.0,11920336000.0,1222511000.0,4208179000.0,268964000.0,3315615000.0,4438784000.0,29064051000.0,0.1368932729700251,0.1723097495122603,0.1305870209814266,0.1858032165931185,0.2050602138667325,0.30613277315594245,0.2114762282286242,14.410326289020093,1.2171646755123258,-1123169000.0,-0.053843138508825,0.7177258600323816,2.9523809523809526,2.9523809523809526
AARTISURF,145447000.0,2326248000.0,321763000.0,2908840000.0,6485132000.0,5703729000.0,54948000.0,880685000.0,114742000.0,111381000.0,202358000.0,4771871000.0,0.0625242880380767,0.1106155718430714,0.0224277624572637,0.0496154897078424,0.0437263451399645,0.38330397880308187,0.3785860320997589,2.804230360286556,0.7657841000501902,-90977000.0,-0.0140285502284302,1.3590333854372845,2.380952380952381,2.380952380952381
AARVI,100445000.0,1253234000.0,142944000.0,1329499000.0,5040768000.0,2834715000.0,120674000.0,267812000.0,30751000.0,-24026000.0,98958000.0,2130294000.0,0.0801486394400407,0.1075171925665231,0.019926527068891,0.0283575836063076,0.2115158564490735,-0.05932802641100321,0.2136967238360912,4.648434197261878,-0.2391955796704664,-122984000.0,-0.0243978695309921,2.366231139927165,2.904761904761904,2.904761904761904
AAVAS,5741082000.0,43608323000.0,7378325000.0,160686608000.0,19875221000.0,11107567000.0,3551806000.0,139184758000.0,52434000.0,-16601262000.0,300706000.0,186184740000.0,0.1316510611976525,0.0459174855442838,0.2888562597618411,0.3712323500704722,0.2140344434059933,(0.17358577771610118+0j),3.191701685020082,140.71642445741313,-2.891660840238826,-16901968000.0,-0.850404028211812,0.106750000026855,0.33333333333333326,0.33333333333333326
ABAN,-8893920000.0,-254019960000.0,2120590000.0,-254014870000.0,4756550000.0,5983390000.0,-21770780000.0,156971950000.0,10766100000.0,1388900000.0,12380000.0,15329850000.0,0.0350126816806049,-0.0083482907910076,-1.869825819133616,0.4458252304716654,-0.0736361798279032,(-0.2579957208892203+0j),-0.6179512428865827,0.1969691903289027,-0.1561628618202097,1376520000.0,0.2893946242549747,0.3102802701918153,4.904761904761904,4.904761904761904
ABB,18716400000.0,70754000000.0,25286600000.0,71173700000.0,120876700000.0,68640200000.0,5197100000.0,518800000.0,154000000.0,13318000000.0,2139500000.0,123913300000.0,0.2645278005483789,0.3552801104902513,0.1548387737256228,0.2091933350265187,0.2075951262611677,(0.532805611309431+0j),0.0073324476354693,164.1987012987013,0.7115684640208587,11178500000.0,0.0924785339110018,0.9754941559945542,4.476190476190476,4.476190476190476
ABBOTINDIA,14144400000.0,42331500000.0,18983800000.0,45101200000.0,64069700000.0,49103000000.0,7987000000.0,1966700000.0,114300000.0,10118400000.0,526000000.0,59173100000.0,0.3341341554161794,0.4209156297393417,0.2207658222217366,0.2962991866670204,0.0927350863398008,(0.20985581179348878+0j),0.0464594923402194,166.08748906386705,0.7153643844913888,9592400000.0,0.1497181975255073,1.0827504389663547,3.619047619047619,3.619047619047619
ABCAPITAL,33323200000.0,303887200000.0,145552200000.0,1701867300000.0,431489900000.0,256184300000.0,17059700000.0,1397980100000.0,97123800000.0,-279346300000.0,4576500000.0,2790613800000.0,0.1096564777983409,0.0855249995108314,0.0772282271265213,0.3373246975189917,0.1897965570722646,(0.25004343419009767+0j),4.600325712961915,1.4986254656428188,-8.382937412973543,-283922800000.0,-0.6580056682670904,0.1546218613267088,0.23809523809523836,0.23809523809523836
ABCOTS,102125000.0,1107564000.0,237331000.0,1837659000.0,2961467000.0,1398636000.0,68332000.0,1657855000.0,100567000.0,-164718000.0,500431000.0,2883899000.0,0.0922068611836426,0.1291485525878305,0.0344845983426457,0.0801396740196666,0.2841055756271959,(0.14332397997735424+0j),1.4968480376754751,2.359929201427904,-1.612905752753978,-665149000.0,-0.2246011858312113,1.026896919760366,0.7142857142857145,0.7142857142857145
ABDL,1948640000.0,15428555000.0,3907848000.0,16827897000.0,33438748000.0,25589090000.0,14760000.0,9052468000.0,1250621000.0,-6784221000.0,1304883000.0,35346596000.0,0.1263008752277838,0.2322243831181044,0.0582749090964769,0.1168658587337061,0.0932808026134921,(4.091922111803842+0j),0.5867346618007973,3.124726036105263,-3.4815158264225308,-8089104000.0,-0.2419081001477687,0.9460245620257182,1.8095238095238098,1.8095238095238098
ABFRL,-3758200000.0,68121700000.0,-1598500000.0,127207600000.0,73089100000.0,80930600000.0,-1087200000.0,50162400000.0,5585300000.0,16438300000.0,6347700000.0,166395000000.0,-0.0551689109344012,-0.0125660730962615,-0.0514194318988741,-0.0218705661993375,-0.0334003846263597,(0.5120174900331886+0j),0.736364477104946,-0.2861976975274381,-4.3739822255335,10090600000.0,0.1380588897660526,0.4392505784428618,1.523809523809524,1.523809523809524
ABINFRA,161214000.0,1103782000.0,272429000.0,1389783000.0,2081688000.0,643157000.0,8644000.0,858459000.0,53872000.0,-235921000.0,44283000.0,2491414000.0,0.146056014684059,0.1960226884340936,0.0774438820803117,0.1308692753188758,0.4792203718646881,(1.6519337179082139+0j),0.7777432500258203,5.056968369468369,-1.463402682149193,-280204000.0,-0.1346042250327618,0.8355447950440995,1.3333333333333335,1.3333333333333335
ABMINTLLTD,-13644000.0,135279000.0,-16650000.0,137995000.0,801932000.0,1269854000.0,13718000.0,146508000.0,2027000.0,-12269000.0,87000.0,370204000.0,-0.1008582263322466,-0.1206565455270118,-0.0170139114039594,-0.0207623589032486,-0.1420514377001669,(-0.5009006835470685+0.8644653741193744j),1.083006231565875,-8.214109521460285,0.899223101729698,-12356000.0,-0.0154077901866991,2.1661894523019742,0.9999999999999998,0.9999999999999998
ABREL,-1612800000.0,38402600000.0,-1332500000.0,81161600000.0,12033700000.0,40700800000.0,1665300000.0,49965400000.0,457500000.0,-12934400000.0,2860700000.0,165331700000.0,-0.0419971564425325,-0.0164178626345463,-0.1340236170089,-0.1107306979565719,-0.3338090250583546,(-0.5053105119205841+0.8568273273237866j),1.3010941967470953,-2.912568306010929,8.01984126984127,-15795100000.0,-1.3125721930910692,0.0727851948537394,0.8095238095238094,0.8095238095238094
ABSLAMC,9306000000.0,37268700000.0,12502000000.0,38563800000.0,16847800000.0,12929616000.0,6727718000.0,680600000.0,56600000.0,7084800000.0,312800000.0,41144300000.0,0.2497001505284595,0.3241900435123094,0.5523569842946854,0.7420553425373045,0.0922427998974746,(0.11420496570488359+0j),0.0182619731839318,220.8833922261484,0.7613152804642166,6772000000.0,0.4019515901185911,0.4094807786254718,4.142857142857142,4.142857142857142
ACC,24021200000.0,185548400000.0,32350000000.0,197444600000.0,206721500000.0,158144000000.0,18629900000.0,4297700000.0,1082200000.0,17114800000.0,19684400000.0,254126100000.0,0.1294605612336188,0.1638434274728202,0.1162007822118163,0.1564907375381854,0.0933964078069191,(0.088415518183528+0j),0.0231621506841341,29.8928109406764,0.7124873028824539,-2569600000.0,-0.0124302503609929,0.8134603254053795,4.0,4.0
ACCELYA,1290159000.0,2776759000.0,1780290000.0,3429080000.0,5284914000.0,3683981000.0,761877000.0,620263000.0,34219000.0,1445631000.0,192527000.0,4493375000.0,0.4646276468357534,0.5191742391545254,0.2441210963887018,0.3368626244438414,0.1278210105854778,(0.19193559969232576+0j),0.2233766056038712,52.02635962476987,1.1205060771579316,1253104000.0,0.2371096294092959,1.1761568976548809,2.761904761904762,2.761904761904762
ACCURACY,46520000.0,1207890000.0,187210000.0,1492410000.0,9460630000.0,8244510000.0,181000000.0,1355670000.0,118800000.0,5600000.0,73850000.0,3151040000.0,0.0385134407934497,0.1254414001514329,0.0049172201005641,0.0197883227649744,0.0469318275431254,(-0.36420021449749085+0j),1.1223455778257954,1.5758417508417508,0.1203783319002579,-68250000.0,-0.0072141073057502,3.002383340103585,0.9047619047619049,0.9047619047619049
ACE,4092186000.0,16147255000.0,5777722000.0,16293381000.0,33245835000.0,16295800000.0,1050200000.0,164367000.0,286524000.0,4119842000.0,2209976000.0,27108470000.0,0.2534292051497298,0.3546054683186995,0.1230886816348574,0.1737878444021634,0.2682956991704406,(0.5736003750949064+0j),0.0101792533777412,20.16487973084279,1.0067582460816786,1909866000.0,0.0574467749118047,1.2264002726823018,4.2857142857142865,4.2857142857142865
ACEINTEG,-15600000.0,175400000.0,-20800000.0,176600000.0,85500000.0,87400000.0,9900000.0,1400000.0,200000.0,-1500000.0,700000.0,182100000.0,-0.088939566704675,-0.1177802944507361,-0.1824561403508772,-0.2432748538011696,-0.0072995303069919,(-0.4181650494100705+1.007767696041085j),0.0079817559863169,-104.0,0.0961538461538461,-2200000.0,-0.0257309941520467,0.4695222405271829,4.428571428571429,4.428571428571429
ACI,1621487000.0,18640132000.0,2304394000.0,21961560000.0,10394407000.0,11295843000.0,1882092000.0,2345752000.0,66725000.0,1762337000.0,2635721000.0,23934340000.0,0.0869890299060114,0.1049285205604702,0.1559961044434762,0.2216955714741591,-0.0273415663384923,(-0.04846622683782342+0j),0.1258441732064987,34.53569127013863,1.0868647112187764,-873384000.0,-0.0840244181317895,0.4342884324364072,3.142857142857143,3.142857142857143
ACL,-1521100000.0,1445500000.0,-1036800000.0,8536000000.0,2728700000.0,0.0,-2362998000.0,7571700000.0,708300000.0,595500000.0,845900000.0,11444100000.0,-1.0523002421307506,-0.1214620431115276,-0.5574449371495585,-0.3799611536629164,,(-0.13656137836343074+0j),5.238118298166724,-1.4637865311308766,-0.3914929984879363,-250400000.0,-0.0917653094880346,0.2384372733548291,0.19047619047619035,0.19047619047619035
ACMESOLAR,2521080000.0,45105800000.0,10888520000.0,170842090000.0,14051310000.0,14874070000.0,620340000.0,109757290000.0,7508160000.0,15430190000.0,32659930000.0,184037390000.0,0.0558925903098936,0.0637344111161365,0.1794195701326068,0.7749113783697036,-0.0187891736437019,(0.5958262839045849+0j),2.433329860018002,1.4502248220602652,6.120468212036111,-17229740000.0,-1.226201685109787,0.0763503003384258,0.4285714285714287,0.4285714285714287
ACUTAAS,1587136000.0,13096287000.0,2223814000.0,13470137000.0,9999668000.0,5201350000.0,719461000.0,129387000.0,62184000.0,1183427000.0,1946429000.0,15492611000.0,0.1211897692834618,0.1650921590478255,0.1587188694664663,0.2223887833076058,0.24343522875896,0.3017741057713399,0.0098796704745398,35.76183584201724,0.7456367948304368,-763002000.0,-0.0763027332507439,0.645447562066846,4.333333333333334,4.333333333333334
ADANIENSOL,10599700000.0,220682000000.0,42100200000.0,640374200000.0,235461500000.0,109602100000.0,12046100000.0,402752800000.0,31351700000.0,86952200000.0,93781400000.0,739601000000.0,0.0480315567196237,0.0657431233175852,0.0450167012441524,0.1787986571053017,0.2903286599445944,-0.041742184833385876,1.825036930968543,1.342836273631095,8.203269903865204,-6829200000.0,-0.0290034676581946,0.3183628740361357,0.5714285714285716,0.5714285714285716
ADANIENT,70990000000.0,503139700000.0,153663400000.0,1507523900000.0,977110800000.0,693043600000.0,7765600000.0,918191700000.0,48876000000.0,45131000000.0,291711400000.0,1981355400000.0,0.1410940142469377,0.1019309876281231,0.072652968322528,0.1572630248278905,0.1213153105132824,1.0909359029776877,1.8249239724076636,3.1439438579261805,0.6357374278067334,-246580400000.0,-0.252356641641869,0.4931527175790875,0.6190476190476191,0.6190476190476191
ADANIGREEN,14440000000.0,121370000000.0,70520000000.0,945100000000.0,112120000000.0,51330000000.0,4890000000.0,800400000000.0,48370000000.0,83640000000.0,247760000000.0,1113980000000.0,0.1189750350168905,0.0746164427044757,0.1287905815198002,0.6289689618266143,0.2974897677610051,0.43467251409479024,6.5947103897173935,1.457928468058714,5.792243767313019,-164120000000.0,-1.463788797716732,0.1006481265372807,0.1428571428571429,0.1428571428571429
ADANIPORTS,110923100000.0,624353900000.0,157163000000.0,1143462400000.0,304753300000.0,169790800000.0,48860300000.0,513048200000.0,26866800000.0,172262800000.0,80489200000.0,1353322300000.0,0.1776606184409195,0.1374448342157993,0.3639766985295975,0.5157056543768352,0.2152848599466101,0.31428219096473575,0.8217265880776912,5.849710423273334,1.5529930194882762,91773600000.0,0.301140627517405,0.2251890033881803,1.2380952380952381,1.2380952380952381
ADANIPOWER,129387700000.0,563470900000.0,194321200000.0,964765800000.0,561318200000.0,276549000000.0,49115800000.0,393562900000.0,30726100000.0,215011100000.0,115590400000.0,1129175700000.0,0.2296262326945366,0.2014180021721333,0.2305068675841973,0.346187242815216,0.2661320737017909,0.38109617843283905,0.6984618016653567,6.324304093262732,1.6617584206226712,99420700000.0,0.1771200363715268,0.4971043921685527,1.5714285714285714,1.5714285714285714
ADFFOODS,692557000.0,4926606000.0,941768000.0,5589221000.0,5580117000.0,4057961000.0,480981000.0,592336000.0,25761000.0,374157000.0,412382000.0,6281978000.0,0.1405748704077411,0.1684971841335313,0.124111555367029,0.1687720884705464,0.1120179870117441,0.12921299515899065,0.1202320623975207,36.55789759714297,0.5402544483703147,-38225000.0,-0.0068502147894031,0.8882738844357622,3.1904761904761902,3.1904761904761902
ADL,565000.0,507684000.0,22109000.0,546172000.0,524045000.0,419570000.0,2458000.0,224223000.0,20916000.0,21066000.0,7866000.0,784638000.0,0.0011128969989205,0.0404799220758295,0.0010781516854468,0.042189124979725,0.0769314283979076,-0.3874302831792612,0.44165859077694,1.057037674507554,37.28495575221239,13200000.0,0.0251886765449532,0.6678812395015281,2.1428571428571432,2.1428571428571432
ADOR,600500000.0,5070900000.0,911200000.0,5204100000.0,11178700000.0,6570000000.0,450200000.0,24100000.0,45400000.0,1371100000.0,412700000.0,6939300000.0,0.1184207931530891,0.1750927153590438,0.0537182319947757,0.0815121615214649,0.1938285954905763,0.10078501030905995,0.0047526080183004,20.0704845814978,2.2832639467110742,958400000.0,0.0857344771753424,1.6109261741097805,4.571428571428571,4.571428571428571
ADROITINFO,6883000.0,746763000.0,25330000.0,768019000.0,317122000.0,63710000.0,6187000.0,162217000.0,8074000.0,-134150000.0,84069000.0,964756000.0,0.0092171143990797,0.0329809548982512,0.021704580571515,0.0798746223850757,0.7074169517045368,0.036173667270612775,0.217226884567125,3.1372306167946493,-19.49004794421037,-218219000.0,-0.688123182875991,0.3287069476634506,2.8095238095238093,2.8095238095238093
ADSL,278100000.0,6017600000.0,675400000.0,7148900000.0,8070700000.0,4846700000.0,610300000.0,949000000.0,69200000.0,922700000.0,106700000.0,9253500000.0,0.0462144376495612,0.0944760732420372,0.0344579776227588,0.0836854300122666,0.1852819982876667,-0.2304812499296025,0.1577040680670034,9.760115606936417,3.31787126932758,816000000.0,0.1011064715576096,0.87217809477495,3.0952380952380953,3.0952380952380953
ADVANCE,256380000.0,1008730000.0,420500000.0,1165160000.0,5019190000.0,2507460000.0,89890000.0,804520000.0,68500000.0,57130000.0,336060000.0,3514720000.0,0.2541611729600587,0.3608946410793367,0.0510799551322026,0.0837784582771323,0.2602785389271733,0.41815680825889867,0.7975573245566207,6.138686131386861,0.2228332943287307,-278930000.0,-0.0555727119316065,1.4280483224837257,1.2857142857142856,1.2857142857142856
ADVANIHOTR,264355000.0,814202000.0,354110000.0,882712000.0,980912000.0,486745000.0,65081000.0,6500000.0,1133000.0,211988000.0,32821000.0,1078191000.0,0.3246798705972228,0.4011614207125313,0.2694992007437976,0.3610007829448513,0.2631148746812264,0.595552518701717,0.0079832768772368,312.54192409532214,0.801906527207732,179167000.0,0.1826534898135612,0.9097757261932256,4.380952380952381,4.380952380952381
ADVENTHTL,-98000.0,-651000.0,-99000.0,20194974000.0,0.0,,,5610000.0,,20195584000.0,,20200658000.0,0.1505376344086021,-4.902209827058951e-06,,,,,-8.617511520737327,,-206077.38775510204,,,0.0,4.9523809523809526,4.9523809523809526
ADVENZYMES,1311150000.0,14208630000.0,1909210000.0,15245920000.0,6365070000.0,5289040000.0,1195820000.0,393500000.0,35570000.0,1424970000.0,347810000.0,16213470000.0,0.09227842515429,0.1252276018764364,0.2059914502118594,0.2999511395789834,0.0636745728547554,0.03116664268186553,0.0276944364094215,53.674725892606126,1.0868092895549708,1077160000.0,0.1692298749267486,0.3925791332762203,3.952380952380952,3.952380952380952
AEGISLOG,6633779000.0,46308211000.0,11472110000.0,98907675000.0,65691109000.0,46243545000.0,3575229000.0,46060387000.0,1583883000.0,5581942000.0,9448655000.0,112327536000.0,0.1432527592136953,0.1159880666490239,0.100984426979304,0.1746371795915334,0.1241350559725826,0.2288127576573753,0.9946483788803676,7.243028683305522,0.8414422608893061,-3866713000.0,-0.0588620447859998,0.5848175019168942,1.0952380952380953,1.0952380952380953
AEGISVOPAK,865440000.0,9971650000.0,2902840000.0,43101710000.0,5617610000.0,,,32729460000.0,1692660000.0,3372080000.0,6627330000.0,45234010000.0,0.0867900497911579,0.0673486040345035,0.1540583985004299,0.5167393250866472,,,3.282251182101257,1.7149575224794111,3.8963764096875577,-3255250000.0,-0.5794724090850023,0.1241899623756549,0.2857142857142858,0.2857142857142858
AEQUS,-1023460000.0,7169190000.0,-423740000.0,11834200000.0,8979630000.0,,,7850470000.0,517050000.0,261410000.0,2651620000.0,18598400000.0,-0.1427581079591976,-0.0358063916445556,-0.11397574287582,-0.0471890267193637,,,1.0950288665804644,-0.8195338942075234,-0.2554178961561761,-2390210000.0,-0.2661813460020067,0.4828173391259463,0.9523809523809523,0.9523809523809523
AEROENTER,531200000.0,7007219000.0,1143864000.0,8467861000.0,5785377000.0,3376238000.0,355438000.0,310665000.0,54173000.0,1396495000.0,1044252000.0,9751019000.0,0.0758075350577739,0.1350829920330529,0.0918176983107583,0.1977164150236017,0.1966474059475933,0.14331193370639972,0.0443349922415725,21.115020397615048,2.6289439006024096,352243000.0,0.0608850555460776,0.5933099914993499,3.666666666666667,3.666666666666667
AEROFLEX,525076000.0,3424162000.0,702845000.0,3443075000.0,3665869000.0,2329870000.0,275060000.0,5835000.0,3364000.0,265839000.0,1034628000.0,4265511000.0,0.1533443803184545,0.2041329334969467,0.1432337052960703,0.1917267092741175,0.1630947194957477,0.24050421187004978,0.0017040665716166,208.93133174791916,0.5062867089716536,-768789000.0,-0.209715349893845,0.8594208290636222,4.666666666666667,4.666666666666667
AERONEU,2022000.0,841400000.0,34736000.0,933306000.0,1292353000.0,805114000.0,42033000.0,282973000.0,30931000.0,75578000.0,57123000.0,1277216000.0,0.0024031376277632,0.0372182328196754,0.0015645880034324,0.0268781052854754,0.1708679696577502,(-0.6363109256859247+0j),0.3363120988828144,1.1230157447221234,37.37784371909001,18455000.0,0.0142801541065018,1.0118515583894971,2.5238095238095237,2.5238095238095237
AETHER,1584180000.0,22258850000.0,2224750000.0,22935170000.0,8386900000.0,5900480000.0,1089290000.0,1998700000.0,94910000.0,1000910000.0,4522940000.0,26442200000.0,0.0711707927408648,0.0970016790806434,0.1888874315897411,0.2652648773682767,0.1243582409459989,(0.1329750249163104+0j),0.0897934978671404,23.44062796333369,0.6318158290093298,-3522030000.0,-0.4199441986908154,0.3171786008728472,3.2857142857142856,3.2857142857142856
AFCONS,4868100000.0,52605200000.0,11707000000.0,87844700000.0,125037600000.0,109434630000.0,3563550000.0,23433000000.0,4606900000.0,-1322000000.0,3444900000.0,171192200000.0,0.0925402811889318,0.1332692809014089,0.0389330889268508,0.0936278367467065,0.0454307859127882,(0.1095806591620434+0j),0.4454502596701467,2.54118821767349,-0.2715638544812144,-4766900000.0,-0.0381237323812997,0.7303930903393963,2.095238095238095,2.095238095238095
AFFLE,3818690000.0,29464570000.0,4769740000.0,29931330000.0,22654990000.0,10816560000.0,2138780000.0,820950000.0,93370000.0,4259910000.0,1599020000.0,36217700000.0,0.1296027737720251,0.1593560994449628,0.1685584500368351,0.2105381639983067,0.2794546697190707,(0.2131544526194331+0j),0.0278622766257915,51.084288315304704,1.115542240925553,2660890000.0,0.1174527113011305,0.6255226035888529,3.9047619047619047,3.9047619047619047
AFFORDABLE,-116488000.0,1007464000.0,-48150000.0,1261524000.0,1621692000.0,807161000.0,23692000.0,608435000.0,46024000.0,-57778000.0,236205000.0,2327569000.0,-0.1156249751852175,-0.0381681204638199,-0.0718311491947916,-0.0296912114014251,0.2618354806517329,(-0.14978291860576753+1.4726191824377337j),0.6039272867318336,-1.0461932904571527,0.4959995879403887,-293983000.0,-0.1812816490430982,0.6967320839897765,1.7619047619047619,1.7619047619047619
AFIL,332319000.0,3822068000.0,431174000.0,6677057000.0,979082000.0,668375000.0,41207000.0,2817735000.0,2312000.0,-1771049000.0,21599000.0,6753644000.0,0.0869474326464102,0.0645754559231709,0.3394189659293093,0.4403859942272455,0.1357069663844701,(1.0053709752644893+0j),0.7372278567518945,186.4939446366782,-5.329364255429272,-1792648000.0,-1.830947765355711,0.1449709223642821,1.4761904761904758,1.4761904761904758
AFSL,1085106000.0,10740602000.0,1954612000.0,12046294000.0,32654646000.0,5842566000.0,618404000.0,8344858000.0,631102000.0,-1187614000.0,23357000.0,30598288000.0,0.1010284153532548,0.1622583675942161,0.0332297584852091,0.0598570874110838,0.774654376074309,(0.20614621488899698+0j),0.7769450911596948,3.0971411911228297,-1.0944681902044593,-1210971000.0,-0.0370841870403372,1.067205001796179,1.380952380952381,1.380952380952381
AGARIND,1156865000.0,6270948000.0,1648562000.0,8175792000.0,23989270000.0,15982437000.0,636889000.0,4349399000.0,284228000.0,998397000.0,1648530000.0,13446684000.0,0.1844800817994344,0.201639425269136,0.0482242686000866,0.0687208072609129,0.1449627133710054,(0.22013057830394445+0j),0.6935791845188319,5.80013932476744,0.8630194534366585,-650133000.0,-0.0271009914015724,1.7840286869238542,1.6190476190476188,1.6190476190476188
AGARWALEYE,834600000.0,18665900000.0,2677100000.0,31938100000.0,17046100000.0,6952650000.0,376940000.0,9609100000.0,1078600000.0,3603300000.0,3209000000.0,36715700000.0,0.0447125506940463,0.0838215172474255,0.0489613459970315,0.1570505863511301,0.3484190771013975,(0.3033729937538179+0j),0.5147943576254025,2.4820137214908216,4.317397555715313,394300000.0,0.0231313907580032,0.4642727770408844,1.9047619047619047,1.9047619047619047
AGI,3224106000.0,20977259000.0,5092798000.0,27529415000.0,25288220000.0,14120690000.0,1932984000.0,5527625000.0,824705000.0,4285506000.0,2539059000.0,34962115000.0,0.1536952945091634,0.1849947774044599,0.1274943827600361,0.2013901334297154,0.2143786242989527,(0.18593353758676456+0j),0.2635055895529535,6.175296621216071,1.3292075384618247,1746447000.0,0.0690616816841992,0.7233034957982376,2.571428571428571,2.571428571428571
AGIIL,666642000.0,2947980000.0,868082000.0,3932455000.0,3248732000.0,1974548000.0,364208000.0,1374166000.0,126603000.0,-199145000.0,479124000.0,11963768000.0,0.226135184092158,0.2207481077342271,0.2052006752172847,0.2672064054529582,0.1805436880969797,(0.22324766914955418+0j),0.4661381691870365,6.856725354059541,-0.2987285529564594,-678269000.0,-0.2087796100139993,0.2715475592639376,2.0,2.0
AGRITECH,-11126000.0,1001390000.0,-11126000.0,1001470000.0,1802000.0,2845000.0,27492000.0,0.0,0.0,-6389000.0,13045000.0,1019521000.0,-0.0111105563267058,-0.0111096687868832,-6.174250832408435,-6.174250832408435,-0.1412023672673764,(-0.6301596899974662+0.6405822076114126j),0.0,,0.5742405177062736,-19434000.0,-10.784683684794672,0.0017674966969782,4.833333333333333,4.833333333333333
AGROPHOS,-76778000.0,601616000.0,-73968000.0,616739000.0,655445000.0,412400000.0,31800000.0,287155000.0,31314000.0,28157000.0,14878000.0,1100950000.0,-0.1276196111805537,-0.1199340401693423,-0.1171387378040873,-0.1128515741213984,0.1670045054890576,(-0.3292306198863878+1.161806646518257j),0.4773061221776016,-2.3621383406782908,-0.3667326577925968,13279000.0,0.0202595183425001,0.5953449293791725,1.952380952380952,1.952380952380952
AGSTRA,-800880000.0,4616610000.0,9860000.0,10885300000.0,14706340000.0,17589440000.0,547920000.0,11195410000.0,1263330000.0,3492250000.0,519040000.0,20912030000.0,-0.1734779416065034,0.0009058087512516,-0.0544581452625194,0.0006704591353117,-0.0579277820778101,(-0.43255979632557295+0.9828352630213393j),2.425028321647269,0.0078047699334299,-4.360515932474279,2973210000.0,0.2021719884077207,0.7032478434661771,0.47619047619047616,0.47619047619047616
AHCL,205179000.0,804217000.0,306580000.0,1212476000.0,1202866000.0,571427000.0,-1077000.0,665544000.0,37698000.0,-225517000.0,5293000.0,1812999000.0,0.2551289017765105,0.252854489490926,0.1705751097794766,0.2548746078116764,0.2815990125427761,(1.8770168547774122+4.983139366706487j),0.827567683846524,8.132526924505278,-1.0991232046164567,-230810000.0,-0.1918833851817243,0.6634675474172903,1.1904761904761907,1.1904761904761907
AHLADA,37056000.0,1391440000.0,103797000.0,1472075000.0,1319951000.0,1312625000.0,51826000.0,357578000.0,45827000.0,135926000.0,377000.0,2116235000.0,0.0266314034381647,0.0705106737088803,0.0280737694050764,0.07863701001022,0.0018569438732221,(-0.10579529838689905+0j),0.2569841315471741,2.264974796517337,3.668123920552677,135549000.0,0.1026924484317978,0.6237260984720506,2.619047619047619,2.619047619047619
AHLEAST,175203000.0,2435690000.0,669371000.0,4004897000.0,1119384000.0,509391000.0,-344986000.0,3295971000.0,397538000.0,3916000.0,108660000.0,6689521000.0,0.071931567646129,0.1671381311429482,0.1565173345339937,0.5979815684340674,0.3000975578428595,(-0.6010822507254094+0.6909458097846133j),1.3531980670775017,1.6837912350517434,0.022351215447224,-104744000.0,-0.0935728936629431,0.1673339541052341,0.761904761904762,0.761904761904762
AHLUCONT,2020813000.0,17984474000.0,3132711000.0,22865723000.0,40986231000.0,26711006000.0,1552166000.0,761318000.0,402984000.0,3594264000.0,1887831000.0,37059462000.0,0.1123643093481633,0.1370046772629931,0.0493046799057956,0.0764332538895806,0.1534069912500502,(0.09193298926187143+0j),0.0423319581100898,7.7737850634268355,1.7786227622249065,1706433000.0,0.0416342990893697,1.10595860781789,3.7142857142857144,3.7142857142857144
AIAENG,10607360000.0,69269984000.0,13895215000.0,70461916000.0,42376384000.0,35231634000.0,6196809000.0,4905682000.0,210913000.0,11623070000.0,1370658000.0,78340737000.0,0.1531306835584082,0.197201776346814,0.2503130045262946,0.3278999690016024,0.0634825540483912,(0.19622552748886735+0j),0.0708197362944388,65.88126383864437,1.0957552114758056,10252412000.0,0.2419369241132042,0.5409239895202926,3.428571428571429,3.428571428571429
AIIL,42414100000.0,146893400000.0,41181800000.0,150493600000.0,28448800000.0,8928665000.0,6687378000.0,10542000000.0,510100000.0,3257200000.0,725000000.0,160874200000.0,0.2887406786145599,0.2736448593162766,1.4908924102246843,1.4475759961755856,0.4714961872084549,(0.8510499062778618+0j),0.0717663285076116,80.7327974906881,0.0767952166850174,2532200000.0,0.08900902674278,0.1768387970227668,3.3809523809523814,3.3809523809523814
AIRAN,184755000.0,1443069000.0,237997000.0,1623737000.0,1064984000.0,872822000.0,96147000.0,22793000.0,844000.0,212180000.0,54089000.0,1788738000.0,0.1280292210559578,0.1465736138303185,0.1734814795339648,0.2234747188690158,0.0685769443124717,(0.2432357428734433+0j),0.015794809534402,281.9869668246445,1.1484398257151365,158091000.0,0.1484444836729941,0.5953828900599193,4.190476190476191,4.190476190476191
AIROLAM,27032000.0,733100000.0,100903000.0,1000696000.0,2135181000.0,1688969418.0,64871536.0,902843000.0,58444000.0,138824000.0,176784000.0,2164750000.0,0.0368735506752148,0.1008328203570315,0.0126602850062828,0.0472573519528321,0.0812786721470131,(-0.25307900703501884+0j),1.231541399536216,1.7264903155157074,5.135543060076946,-37960000.0,-0.0177783522802048,0.986340685991454,0.8571428571428569,0.8571428571428569
AJANTPHARM,9203900000.0,37902900000.0,12098900000.0,40188500000.0,45875100000.0,32841300000.0,7126800000.0,474200000.0,207300000.0,11572300000.0,3179200000.0,50149500000.0,0.2428283851631405,0.3010537840426988,0.2006295354124568,0.2637356648813844,0.117855225519361,(0.08899471821491356+0j),0.0125109160512783,58.36420646406175,1.2573256988885146,8393100000.0,0.1829554594976359,0.91476684712709,4.238095238095238,4.238095238095238
AJAXENGG,2600960000.0,11571370000.0,3513110000.0,11687660000.0,20717980000.0,7619640000.0,662080000.0,17680000.0,4290000.0,427200000.0,234520000.0,14824500000.0,0.2247754587399763,0.3005828369408418,0.1255411965838368,0.1695681721866707,0.3957393375241675,(0.5778815622906077+0j),0.0015279089684281,818.9067599067599,0.1642470472440945,192680000.0,0.0093001344725692,1.3975500016863975,4.714285714285714,4.714285714285714
AJMERA,1259420000.0,12065137000.0,2427478000.0,19315840000.0,7379549000.0,4826834000.0,453857000.0,6771052000.0,756649000.0,75474000.0,56097000.0,22545430000.0,0.1043850558845705,0.1256729192207017,0.1706635459700857,0.3289466605615058,0.1520088599186151,(0.4052400402578402+0j),0.5612080492745337,3.208195609853446,0.0599275857140588,19377000.0,0.0026257702198332,0.3273190620005917,1.8571428571428572,1.8571428571428572
AJOONI,33720000.0,880788000.0,46282000.0,902299000.0,1146919000.0,740378000.0,10488000.0,19397000.0,2990000.0,-177366000.0,20324000.0,950511000.0,0.0382839003256175,0.0512934182571409,0.0294005069233311,0.0403533292237725,0.1570703031548614,(0.4759272881946577+0j),0.022022325463108,15.478929765886289,-5.259964412811388,-197690000.0,-0.1723661391955316,1.2066341157545784,4.0476190476190474,4.0476190476190474
AKASH,8909000.0,846650000.0,48106000.0,987242000.0,576311000.0,721227000.0,23235000.0,862295000.0,37542000.0,95478000.0,2836000.0,2082915000.0,0.0105226480836236,0.0487276675830242,0.0154586672820751,0.0834722918701881,-0.0720420201578797,(-0.27351147204259785+0j),1.018478710210831,1.2813915081775078,10.717027724772702,92642000.0,0.1607500117124261,0.2766848383155337,1.047619047619048,1.047619047619048
AKG,8582000.0,529066000.0,20746000.0,533847000.0,1326906000.0,1863403000.0,19390000.0,113333000.0,10087000.0,12085000.0,69000.0,788366000.0,0.016221038584978,0.0388613216895477,0.0064676774390951,0.0156348678806185,-0.1070143996007216,(-0.2379147306803362+0j),0.2142133495631925,2.0567066521265,1.4081799114425542,12016000.0,0.009055652774198,1.6831091142946295,2.8571428571428568,2.8571428571428568
AKI,16778000.0,651369000.0,42842000.0,684433000.0,780271000.0,609394000.0,16463000.0,224215000.0,16174000.0,-26706000.0,24814000.0,1143663000.0,0.0257580572609381,0.0625948778039632,0.0215027855706542,0.0549065645141239,0.0858814912687175,(0.006337687273586079+0j),0.3442211711027083,2.6488190923704718,-1.591727261890571,-51520000.0,-0.0660283414352193,0.6822560492033055,2.4761904761904763,2.4761904761904763
AKSHAR,-44481000.0,882116000.0,-47881000.0,922831000.0,1167691000.0,1725194000.0,70236000.0,59412000.0,10895000.0,-295716000.0,25095000.0,981131000.0,-0.0504253408848722,-0.0518849063371299,-0.0380931256642382,-0.0410048548802722,-0.1219956560187202,(-0.5706202141676439+0.7437076048046838j),0.0673516861727936,-4.394768242312988,6.648141903284548,-320811000.0,-0.274739635742675,1.190147900739045,3.4761904761904763,3.4761904761904763
AKSHARCHEM,47704000.0,2637112000.0,104058000.0,2999178000.0,3462652000.0,3682191000.0,159148000.0,667667000.0,45794000.0,348225000.0,442028000.0,4153000000.0,0.0180894857707977,0.0346955065687998,0.0137767237366041,0.0300515327558183,-0.0202825468435253,(-0.3307559217928042+0j),0.253181131480195,2.2723064156876447,7.299702331041422,-93803000.0,-0.02708992991499,0.8337712496990127,2.6666666666666665,2.6666666666666665
AKSHOPTFBR,-259666000.0,116043000.0,-139528000.0,324833000.0,1301819000.0,3105292000.0,-4153000.0,990442000.0,133530000.0,-191538000.0,28092000.0,2815485000.0,-2.2376705186870383,-0.4295376393408305,-0.1994639807838109,-0.1071792622476703,-0.2515731024845657,(2.969030037179998+0j),8.535129219341107,-1.0449187448513442,0.7376321890428473,-219630000.0,-0.1687100894978487,0.4623782403386983,0.04761904761904745,0.04761904761904745
AKUMS,3381760000.0,30470140000.0,3756600000.0,32196950000.0,40710930000.0,36468340000.0,-2525360000.0,882120000.0,304070000.0,4651960000.0,2723120000.0,41134420000.0,0.1109860341961015,0.1166756478486316,0.0830676184503768,0.0922749738215265,0.0373652030881683,(-0.4488838139904592+0.9545612350421045j),0.0289503100412403,12.354392080770875,1.3756032361847086,1928840000.0,0.0473789225645299,0.98970472903228,3.857142857142857,3.857142857142857
AKZOINDIA,4295000000.0,13302000000.0,5790000000.0,14533000000.0,40648000000.0,31087000000.0,2901000000.0,621000000.0,91000000.0,3110000000.0,1065000000.0,29034000000.0,0.3228837768756578,0.3984036331108511,0.1056632552647116,0.1424424325920094,0.0935033627079744,(0.13973831000995007+0j),0.0466847090663058,63.62637362637363,0.7240977881257276,2045000000.0,0.0503099783507183,1.4000137769511607,3.5714285714285716,3.5714285714285716
ALANKIT,198568000.0,2967193000.0,347751000.0,3287972000.0,3010058000.0,1281484000.0,23565000.0,115216000.0,38282000.0,492436000.0,384866000.0,4245558000.0,0.0669211608412395,0.1057645868030506,0.0659681640685993,0.1155296675346455,0.3292925127957922,(1.0349196826271818+0j),0.038829964886005,9.0839297842328,2.4799363442246487,107570000.0,0.0357368529111399,0.7089899608013834,3.761904761904762,3.761904761904762
ALBERTDAVD,172008000.0,3924834000.0,255241000.0,4072356000.0,3432465000.0,3124268000.0,352583000.0,123171000.0,2964000.0,-284358000.0,148559000.0,5114156000.0,0.043825547781129,0.0626764948840425,0.0501120914561401,0.0743608456313465,0.0318564398765857,(-0.21278065260002144+0j),0.0313824737555779,86.11369770580296,-1.6531672945444398,-432917000.0,-0.1261242285063358,0.6711693972573383,3.8095238095238093,3.8095238095238093
ALEMBICLTD,3106768000.0,23385908000.0,1579736000.0,23925333000.0,2111813000.0,713693000.0,2220590000.0,144473000.0,24711000.0,863702000.0,507655000.0,25030036000.0,0.1328478671856572,0.0660277539292765,1.471137832753184,0.7480472939602133,0.4356481223478274,(0.11844203536574271+0j),0.0061777802255956,63.92845291570556,0.2780065972097048,356047000.0,0.168597787777611,0.0843711531217933,4.523809523809524,4.523809523809524
ALICON,460608000.0,5932739000.0,1028538000.0,7390331000.0,16423754000.0,10417843000.0,241806000.0,3655810000.0,407409000.0,2041502000.0,1828035000.0,12951092000.0,0.0776383387167377,0.1391734686849614,0.0280452325333172,0.0626250247050704,0.1638532073063234,(0.2396187442665143+0j),0.61620947761228,2.52458340390124,4.432189627622621,213467000.0,0.0129974547840889,1.2681366173601425,1.7142857142857144,1.7142857142857144
ALIVUS,4856270000.0,28173720000.0,6565450000.0,29412940000.0,23398350000.0,20874480000.0,4187240000.0,566060000.0,24140000.0,3915240000.0,1661870000.0,34114530000.0,0.1723687890700979,0.2232163802734443,0.2075475407453944,0.2805945718394673,0.038779066448582,(0.050650625867320276+0j),0.0200917734683243,271.9739022369511,0.8062237066719932,2253370000.0,0.0963046539606425,0.6858763699807677,4.095238095238095,4.095238095238095
ALKALI,-57998000.0,445248000.0,-57798000.0,479927000.0,823103000.0,910159000.0,34808000.0,181799000.0,22552000.0,54375000.0,13093000.0,929362000.0,-0.1302599899381917,-0.1204308155198603,-0.0704626273990011,-0.0702196444430405,-0.0329573267044521,(-0.40723668229807397+1.0266961831228276j),0.4083095263763116,-2.562876906704505,-0.9375323287009896,41282000.0,0.0501541119398179,0.8856645741917574,2.238095238095238,2.238095238095238
